1,Coriariaceae_Paeoniaceae,Fascicle 1.pdf
2,Dilleniaceae,Fascicle 2.pdf
3,Poaceae_Garnotieae,Fascicle 3.pdf
4,Simaroubaceae_Balanitaceae,Fascicle 4.pdf
5,Orchidaceae_Coelogyne,Fascicle 5.pdf
6,Pittosporaceae,Fascicle 6.pdf
7,Liliaceae_Scilleae,Fascicle 7.pdf
8,Leguminosae_Derris,Fascicle 8.pdf
9,Aceraceae_Acer,Fascicle 9.pdf
10,Annonaceae_Uvarieae,Fascicle 10.pdf
11,Cucurbitaceae,Fascicle 11.pdf
12,Violaceae,Fascicle 12.pdf
13,Linaceae_Ixonanthaceae,Fascicle 13.pdf
14,Poaceae_Isachneae,Fascicle 14.pdf
15,Poaceae_Andropogoneae,Fascicle 15.pdf
16,Asclepiadaceae_Ceropegia,Fascicle 16.pdf
17,Papaveraceae_Hypecoaceae,Fascicle 17.pdf
18,Rosaceae_Prunus,Fascicle 18.pdf
19,Misc_Alangiaceae_etc,Fascicle 19.pdf
20,Misc_Nymphaeaceae_etc,Fascicle 20.pdf
21,Leguminosae_Indigofereae,Fascicle 21.pdf
22,Misc_Salvadoraceae_etc,Fascicle 22.pdf
23,Alliaceae_Liliaceae,Fascicle 23.pdf
24,Asclepiadaceae_Periplocaceae,Fascicle 24.pdf
